EngineChartLabel	RowKind	STT	Ngày entry	Loại lệnh	Entry	Exit	PNL points	Win/Loss	Ghi chú HybridV3	Forecast	AlgoCheck	EntryAlgoV2Check	So sánh OHLC	Độ khớp	R5Action	SortDate	PlannedPNL	SettledStatus	OHLCV_Available
engine5 AllDaysLadder_CAP0.3 + R5	HISTORY	29	24/07/2026	SHORT	1834.3	1835.0	0.77	Win	Engine=engine5; Phase=POST_OHLCV; Profile=AllDaysLadder_CAP0.3; PostOutcome=EXIT_CLOSE_WIN; Rule=TRUE_FORECAST_FAIL_BASE01; Size=0.1; Adds=0; AvgEntry=1834.3	1844.114	Đạt Long (3/4)	Không đạt	EXIT_CLOSE_WIN	7	KEEP	2026-07-24			True
engine5 AllDaysLadder_CAP0.3 + R5	HISTORY	30	27/07/2026	SHORT	1840.0	1811.1	0.0	R5_CANCEL	Engine=engine5; Phase=POST_OHLCV; Profile=AllDaysLadder_CAP0.3; PostOutcome=EXIT_CLOSE_WIN; Rule=TRUE_FORECAST_FILTER; Size=0.3; Adds=2; AvgEntry=1841.0; R5Overlay=CANCEL; Units=0	1832.202	Đạt Short	Đạt Short (3/4)	R5_CANCELLED_AT_OPEN	0	CANCEL	2026-07-27			True
engine5 AllDaysLadder_CAP0.3 + R5	FORWARD	1	28/07/2026	SHORT	1844.348	1835.0		PRE_ENGINE5	Engine=engine5; Phase=PRE_OHLCV; Profile=AllDaysLadder_CAP0.3; Source=GPT_FORECAST_ANALYSIS_VALUES; PlannedPNL=9.3480	1844.348	Đạt Short (3/4)	Đạt Long (3/4)	PENDING_OHLCV	PRE		2026-07-28	9.347999999999956	PENDING_OHLCV	False
simcarrry6 t+1	HISTORY	30	27/07/2026	SHORT	1844.5	1828.3	16.2	Win	Engine=gpt_simcarrry6; audit last30; Horizon=t+1; DirectionMode=FROZEN; DirectionSource=SIMCARRRY6_BASIS_PLAN_FROZEN; LegacyBasisDirection=SHORT; TradePre=SHORT; TradeFrozen=SHORT; BasisPlanFrozen=SHORT; entry_rule=Close_basis_last_completed_session; target_rule=ExpectedLow_t_BASIS_TTL5; RiskAction=TAKE_FULL_IF_FILL; OriginalEntry=1835.0000; OriginalTarget=1828.3000; EntryTargetSwapApplied=False; OperationalEntry=1835.0000; OperationalTarget=1828.3000; VolumeRule=BASE_0.1_ADD_0.1_PER_1PT_MAX_1.0000; FillType=OPEN_FILL; Fills=1840.0000|1841.0000|1842.0000|1843.0000|1844.0000|1845.0000|1846.0000|1847.0000|1848.0000|1849.0000; TotalSize=1.0000; AvgEntry=1844.5000; OHLC=O1840.0000/H1859.9000/L1811.1000/C1811.1000	1828.3	Đạt Short	Đạt Short (3/4)	HIT_TARGET	10	KEEP	2026-07-27			True
simcarrry6 t+1	FORWARD	1	28/07/2026	SHORT	1835.0	1811.1		PRE_SIM	Engine=gpt_simcarrry6; TradeType=SIM_FORWARD; DirectionMode=PRE; DirectionSource=STATE_PRE_FROZEN_WAIT_OPEN; FrozenPreDate=2026-07-28; Basis=27/07/2026; Horizon=t+1; entry_rule=Close_basis_last_completed_session; target_rule=ExpectedLow_t_BASIS_TTL5; TargetSourceDate=27/07/2026; TargetAgeSessions=0; TargetFreshnessPass=True; RiskAction=TAKE_FULL_IF_FILL; OriginalEntry=1811.1000; OriginalTarget=1835.0000; EntryTargetSwapApplied=True; OperationalEntry=1835.0000; OperationalTarget=1811.1000; VolumeRule=BASE_0.1_ADD_0.1_PER_1PT_MAX_1.0000	1811.1	Đạt Short (3/4)	Đạt Long (3/4)	TAKE_FULL_IF_FILL	8		2026-07-28		PENDING_OHLCV	False
simcarrry6 t+1	FORWARD	2	29/07/2026	SHORT	1844.348	1835.0		PRE_SIM	Engine=gpt_simcarrry6; TradeType=SIM_FORWARD; DirectionMode=PRE; DirectionSource=STATE_PRE_FROZEN_WAIT_OPEN; FrozenPreDate=2026-07-28; Basis=27/07/2026; Horizon=t+2; entry_rule=ForecastSignal; target_rule=ExpectedLow_t_BASIS_TTL5; TargetSourceDate=27/07/2026; TargetAgeSessions=0; TargetFreshnessPass=True; RiskAction=TAKE_HALF_IF_FILL; OriginalEntry=1844.3480; OriginalTarget=1835.0000; EntryTargetSwapApplied=False; OperationalEntry=1844.3480; OperationalTarget=1835.0000; VolumeRule=BASE_0.1_ADD_0.1_PER_1PT_MAX_0.5000	1835.0	Đạt Short (3/4)	Đạt Long (3/4)	TAKE_HALF_IF_FILL	6		2026-07-29		PENDING_OHLCV	False
engine5 12K_AllDay + R5	HISTORY	29	24/07/2026	SHORT	1834.3	1835.0	0.77	Win	Engine=engine5; Phase=POST_OHLCV; Profile=12K_AllDay; PostOutcome=EXIT_CLOSE_WIN; Rule=TRUE_FORECAST_FAIL_BASE01; Size=0.1; Adds=0; AvgEntry=1834.3	1844.114	Đạt Long (3/4)	Không đạt	EXIT_CLOSE_WIN	7	KEEP	2026-07-24			True
engine5 12K_AllDay + R5	HISTORY	30	27/07/2026	SHORT	1840.0	1811.1	0.0	R5_CANCEL	Engine=engine5; Phase=POST_OHLCV; Profile=12K_AllDay; PostOutcome=EXIT_CLOSE_WIN; Rule=TRUE_FORECAST_FILTER; Size=1.0; Adds=9; AvgEntry=1844.5; R5Overlay=CANCEL; Units=0	1832.202	Đạt Short	Đạt Short (3/4)	R5_CANCELLED_AT_OPEN	0	CANCEL	2026-07-27			True
engine5 12K_AllDay + R5	FORWARD	1	28/07/2026	SHORT	1844.348	1835.0		PRE_ENGINE5	Engine=engine5; Phase=PRE_OHLCV; Profile=12K_AllDay; Source=GPT_FORECAST_ANALYSIS_VALUES; PlannedPNL=9.3480	1844.348	Đạt Short (3/4)	Đạt Long (3/4)	PENDING_OHLCV	PRE		2026-07-28	9.347999999999956	PENDING_OHLCV	False
